id;type_projet;nom_projet;date_debut;date_fin;description;extension
1;Rehabilitation;Lesotho Intelligent;2021-06-06T16:26:33;2021-06-06T03:48:14;system system 1080p;false
2;Rehabilitation;grow Fantastic;2021-06-06T03:08:47;2021-06-06T09:13:13;Dynamic;false
3;Rehabilitation;New;2021-06-06T06:52:21;2021-06-06T19:13:37;Metal Czech;true
4;Rehabilitation;Handmade Strategist;2021-06-06T09:01:22;2021-06-06T01:22:11;green copy;false
5;Rehabilitation;TCP Toys;2021-06-06T15:10:33;2021-06-06T19:07:23;services Estonia Industrial;false
6;Rehabilitation;Developer;2021-06-06T06:20:26;2021-06-06T09:40:32;background Data;true
7;Construction;wireless;2021-06-06T11:36:56;2021-06-06T02:22:21;Incredible Accounts Cheese;true
8;Rehabilitation;cross-media database Factors;2021-06-06T04:42:59;2021-06-06T15:33:10;compress program District;false
9;Rehabilitation;British mint migration;2021-06-06T09:45:27;2021-06-06T11:44:22;Computers Facilitator metrics;false
10;Rehabilitation;Quality;2021-06-06T03:33:51;2021-06-06T03:08:08;Optimization network;true
